name,bat86,hits86,hRuns86,runs86,Runbat86
Joe_Carter,663,200,29,108,121
Jose_Canseco,600,144,33,85,117
Dave_Parker,637,174,31,89,116
Don_Mattingly,677,238,31,117,113
Jim_Rice,618,200,20,98,110
George_Bell,641,198,31,101,108
Gary_Gaetti,596,171,34,91,108
Jesse_Barfield,589,170,40,107,108
Jim_Presley,616,163,27,83,107
Gary_Carter,490,125,24,81,105
Dave_Winfield,565,148,24,90,104
Bill_Buckner,629,168,18,73,102
Glenn_Davis,574,152,31,91,101
Wally_Joyner,593,172,22,82,100
Von_Hayes,610,186,19,107,98
Dwight_Evans,529,137,26,86,97
Doug_DeCinces,512,131,26,69,96
Danny_Tartabull,511,138,25,76,96
Kevin_McReynolds,560,161,26,89,96
Kirby_Puckett,680,223,31,119,96
Brian_Downing,513,137,20,90,95
Don_Baylor,585,139,31,93,94
Dave_Kingman,561,118,35,70,94
Larry_Parrish,464,128,28,67,94
Darryl_Strawberry,475,123,27,76,93
Kent_Hrbek,550,147,29,85,91
Pete_O'Brien,551,160,23,86,90
Harold_Baines,570,169,21,72,88
Jim_Morrison,537,147,23,58,88
Pete_Incaviglia,540,135,30,82,88
Steve_Balboni,512,117,29,54,88
Bob_Horner,517,141,27,70,87
Darnell_Coles,521,142,20,67,86
Kirk_Gibson,441,118,28,84,86
Lloyd_Moseby,589,149,21,89,86
Rob_Deer,466,108,33,75,86
Candy_Maldonado,405,102,18,49,85
Darrell_Evans,507,122,29,78,85
Eddie_Murray,495,151,17,61,84
Frank_White,566,154,22,76,84
Glenn_Wilson,584,158,15,70,84
Dale_Murphy,614,163,29,89,83
Keith_Hernandez,551,171,13,94,83
Cal_Ripken,627,177,25,98,81
Steve_Garvey,557,142,21,58,81
Brook_Jacoby,583,168,17,83,80
Kevin_Bass,591,184,20,83,79
Keith_Moreland,586,159,12,72,79
Andre_Dawson,496,141,20,65,78
Johnny_Ray,579,174,7,67,78
Juan_Samuel,591,157,16,90,78
Mike_Easler,490,148,14,64,78
Mel_Hall,442,131,18,68,77
Sid_Bream,522,140,16,73,77
Ray_Knight,486,145,11,51,76
Ryne_Sandberg,627,178,14,68,76
Alan_Trammell,574,159,21,107,75
Buddy_Bell,568,158,20,89,75
Cecil_Cooper,542,140,12,46,75
Tom_Brunansky,593,152,23,69,75
Jody_Davis,528,132,21,61,74
Julio_Franco,599,183,10,80,74
Rickey_Henderson,608,160,28,130,74
George_Brett,441,128,16,70,73
Lou_Whitaker,584,157,20,95,73
Tony_Bernazard,562,169,17,88,73
Alvin_Davis,479,130,18,66,72
Carney_Lansford,591,168,19,80,72
Jose_Cruz,479,133,10,48,72
Eric_Davis,415,115,27,97,71
Mike_Pagliarulo,504,120,28,71,71
Tim_Wallach,480,112,18,50,71
Wade_Boggs,580,207,8,107,71
Chili_Davis,526,146,13,71,70
Cory_Snyder,416,113,24,58,69
Shawon_Dunston,581,145,17,66,68
Fred_Lynn,397,114,23,67,67
Andre_Thornton,401,92,17,49,66
Leon_Durham,484,127,20,66,65
Rich_Gedman,462,119,16,49,65
Tony_Fernandez,687,213,10,91,65
Ken_Phelps,344,85,24,69,64
Carlton_Fisk,457,101,14,42,63
Bob_Brenly,472,116,16,60,62
Lance_Parrish,327,84,22,53,62
Tim_Raines,580,194,9,91,62
Andy_Van_Slyke,418,113,13,48,61
Tommy_Herr,559,141,2,48,61
Bill_Madlock,379,106,10,38,60
John_Russell,315,76,13,35,60
Larry_Sheets,338,92,18,42,60
Marty_Barrett,625,179,4,94,60
Ron_Kittle,376,82,21,42,60
Willie_Upshaw,573,144,9,85,60
Tony_Gwynn,642,211,14,107,59
Terry_Pendleton,578,138,1,56,59
Denny_Walling,382,119,13,54,58
Franklin_Stubbs,420,95,23,55,58
Gary_Pettis,539,139,5,93,58
Hubie_Brooks,306,104,14,50,58
Ken_Griffey,490,150,21,69,58
Reggie_Jackson,419,101,18,65,58
Dick_Schofield,458,114,13,67,57
Roy_Smalley,459,113,20,59,57
Bo_Diaz,474,129,10,50,56
Ernie_Whitt,395,106,16,48,56
Steve_Sax,633,210,6,91,56
Graig_Nettles,354,77,16,36,55
Mike_Davis,489,131,19,77,55
Paul_Molitor,437,123,9,62,55
Ruben_Sierra,382,101,16,50,55
Greg_Gagne,472,118,12,63,54
Ozzie_Smith,514,144,0,67,54
Steve_Buechele,461,112,18,54,54
Ben_Oglivie,346,98,5,31,53
Chet_Lemon,403,101,12,45,53
Mike_Marshall,330,77,19,47,53
Greg_Brock,325,76,16,33,52
Tony_Pena,510,147,10,56,52
Tony_Phillips,441,113,5,76,52
Alfredo_Griffin,594,169,4,74,51
Brett_Butler,587,163,4,92,51
Greg_Walker,282,78,13,37,51
Gary_Ward,380,120,5,54,51
Johnny_Grubb,210,70,13,32,51
Phil_Bradley,526,163,12,88,50
Scott_Fletcher,530,159,3,82,50
Willie_Randolph,492,136,5,76,50
Chris_Brown,416,132,7,57,49
John_Shelby,404,92,11,54,49
Mitch_Webster,576,167,8,89,49
Oddibe_McDowell,572,152,18,105,49
Ron_Hassey,341,110,9,45,49
Barry_Bonds,413,92,16,72,48
Ken_Oberkfell,503,136,5,62,48
Ozzie_Virgil,359,80,15,45,48
Pat_Tabler,473,154,6,61,48
Willie_McGee,497,127,7,65,48
Dave_Henderson,388,103,15,59,47
Eddie_Milner,424,110,15,70,47
Ernest_Riles,524,132,9,69,47
George_Hendrick,283,77,14,45,47
Lee_Lacy,491,141,11,77,47
Ozzie_Guillen,547,137,2,58,47
Robby_Thompson,549,149,7,73,47
Damaso_Garcia,424,119,6,57,46
Don_Slaught,314,83,13,39,46
Gary_Matthews,370,96,21,49,46
Jorge_Orta,336,93,9,35,46
Robin_Yount,522,163,9,82,46
Dan_Pasqua,280,82,16,44,45
Len_Dykstra,431,127,8,77,45
Mookie_Wilson,381,110,9,61,45
Randy_Bush,357,96,7,50,45
Rance_Mulliniks,348,90,11,50,45
Spike_Owen,528,122,1,67,45
Garth_Iorg,327,85,3,30,44
Garry_Templeton,510,126,2,42,44
Jim_Traber,212,54,13,28,44
Lonnie_Smith,508,146,8,80,44
Ron_Oester,523,135,8,52,44
Tim_Hulett,520,120,17,53,44
Vance_Law,360,81,5,37,44
Willie_Wilson,631,170,9,77,44
Bruce_Bochte,407,104,6,57,43
Bobby_Bonilla,426,109,3,55,43
Jose_Uribe,453,101,3,46,43
Kevin_Mitchell,328,91,12,51,43
Wayne_Tolleson,475,126,3,61,43
Andres_Galarraga,321,87,10,39,42
George_Foster,284,64,14,30,42
Jeffrey_Leonard,341,95,6,48,42
Jim_Sundberg,429,91,12,41,42
Mike_Young,369,93,9,43,42
Ron_Roenicke,275,68,5,42,42
Craig_Reynolds,313,78,6,32,41
Nick_Esasky,330,76,12,35,41
Phil_Garner,313,83,9,43,41
Toby_Harrah,289,63,7,36,41
Will_Clark,408,117,11,66,41
Charlie_Moore,235,61,3,24,39
Dwayne_Murphy,329,83,9,50,39
Howard_Johnson,220,54,10,30,39
Rick_Leach,246,76,5,35,39
Alan_Ashby,315,81,7,24,38
Jim_Gantner,497,136,7,58,38
John_Kruk,278,86,4,33,38
Bill_Doran,550,152,6,92,37
Hal_McRae,278,70,7,22,37
Joel_Skinner,315,73,5,23,37
Larry_Herndon,283,70,8,33,37
Mike_Fitzgerald,209,59,6,20,37
Marvell_Wynne,288,76,7,34,37
Billy_Hatcher,419,108,6,55,36
Glenn_Hubbard,408,94,4,42,36
Gorman_Thomas,315,59,16,45,36
Juan_Beniquez,343,103,6,48,36
Mike_Diaz,209,56,12,22,36
Mike_Heath,288,65,8,30,36
Ron_Cey,256,70,13,42,36
Rudy_Law,307,80,1,42,36
Steve_Jeltz,439,96,0,44,36
Davey_Lopes,255,70,7,49,35
Dale_Sveum,317,78,7,35,35
Mickey_Tettleton,211,43,10,26,35
John_Moses,399,102,3,56,34
Danny_Heep,195,55,5,24,33
Gary_Redus,340,84,11,62,33
Mark_Salas,258,60,8,28,33
Rafael_Ramirez,496,119,8,57,33
Rob_Wilfong,288,63,3,25,33
Steve_Lombardozzi,453,103,8,53,33
Andres_Thomas,323,81,6,26,32
Carmen_Castillo,205,57,8,34,32
John_Cangelosi,438,103,2,65,32
Jerry_Mumphrey,309,94,5,37,32
Mickey_Hatcher,317,88,3,40,32
Reggie_Williams,303,84,4,35,32
Jim_Dwyer,160,39,8,18,31
Rafael_Belliard,309,72,0,33,31
Tim_Teufel,279,69,4,35,31
Bobby_Grich,313,84,9,42,30
Dave_Concepcion,311,81,3,42,30
Harry_Spilman,143,39,5,18,30
Mariano_Duncan,407,93,8,47,30
Mike_LaValliere,303,71,3,18,30
Terry_Harper,265,68,8,26,30
Andy_Allanson,293,66,1,30,29
Butch_Wynegar,194,40,7,19,29
Curt_Ford,214,53,2,30,29
Dan_Gladden,351,97,4,55,29
Donnie_Hill,339,96,4,37,29
Darrell_Porter,155,41,12,21,29
Enos_Cabell,277,71,2,27,29
Ken_Landreaux,283,74,4,34,29
Rick_Burleson,271,77,5,35,29
Rick_Dempsey,327,68,13,42,29
Tim_Laudner,193,47,10,21,29
Tony_Perez,200,51,2,14,29
Vince_Coleman,600,139,0,94,29
Joel_Youngblood,184,47,5,20,28
Len_Matuszek,199,52,9,26,28
Rafael_Santana,394,86,1,38,28
Scott_Bradley,220,66,5,20,28
Tim_Flannery,368,103,3,48,28
Bill_Almon,196,43,7,29,27
Dave_Collins,419,113,1,44,27
Omar_Moreno,359,84,4,46,27
Rick_Manning,205,52,8,31,27
Wally_Backman,387,124,1,67,27
Alex_Trevino,202,53,4,31,26
Chris_Bando,254,68,2,28,26
Jerry_Hairston,225,61,5,32,26
Jamie_Quirk,219,47,8,24,26
Jerry_Royster,257,66,5,31,26
Jerry_Willard,161,43,4,17,26
Kurt_Stillwell,279,64,0,31,26
Mike_Brown,243,53,4,18,26
Mike_Scioscia,374,94,5,36,26
Bob_Kearney,204,49,6,23,25
Bob_Melvin,268,60,5,24,25
Carmelo_Martinez,244,58,9,28,25
Mike_Aldrete,216,54,2,27,25
Pete_Rose,237,52,0,15,25
Rick_Schu,208,57,8,32,25
Tom_Brookens,281,76,3,42,25
Ted_Simmons,127,32,4,14,25
Argenis_Salazar,298,73,0,24,24
Harold_Reynolds,445,99,1,46,24
Chris_Speier,155,44,6,21,23
Ed_Romero,233,49,2,41,23
Jack_Clark,232,55,9,34,23
Kal_Daniels,181,58,6,34,23
Milt_Thompson,299,75,6,38,23
Tom_Foley,263,70,1,26,23
Wayne_Krenchicki,221,53,2,21,23
Bruce_Bochy,127,32,8,16,22
Daryl_Boston,199,53,5,29,22
Rey_Quinones,312,68,2,32,22
Tom_Paciorek,213,61,4,17,22
Billy_Jo_Robidoux,181,41,1,15,21
Darren_Daulton,138,31,8,18,21
Dickie_Thon,278,69,3,24,21
Jack_Howell,151,41,4,26,21
Darryl_Motley,227,46,7,23,20
Bill_Schroeder,217,46,7,32,19
Floyd_Rayford,210,37,8,15,19
Julio_Cruz,209,45,0,38,19
Joe_Orsulak,401,100,2,60,19
Jeff_Stone,249,69,6,32,19
Pat_Sheridan,236,56,6,41,19
Bob_Dernier,324,73,4,32,18
Bill_Russell,216,54,0,21,18
Glenn_Braggs,215,51,4,19,18
Juan_Bonilla,284,69,1,33,18
Rick_Cerone,216,56,4,22,18
Tom_O'Malley,181,46,1,19,18
Dann_Bilardello,191,37,4,12,17
Tito_Landrum,205,43,2,24,17
Randy_Kutcher,186,44,7,28,16
Billy_Beane,183,39,3,20,15
Curt_Wilkerson,236,56,0,27,15
Dave_Anderson,216,53,1,31,15
Billy_Sample,200,57,6,23,14
Mike_Kingery,209,54,3,25,14
Terry_Puhl,172,42,3,17,14
Luis_Rivera,166,34,0,20,13
Bip_Roberts,241,61,1,34,12
Alan_Wiggins,239,60,0,30,11
Herm_Winningham,185,40,4,23,11
Bobby_Meacham,161,36,0,19,10
Ronn_Reynolds,126,27,3,8,10
Jeff_Reed,165,39,2,13,9
Al_Newman,185,37,1,23,8
Buddy_Biancalana,190,46,2,24,8
Ricky_Jones,33,6,0,2,4
Terry_Kennedy,19,4,1,2,3
Bob_Boone,22,10,1,4,2
Cliff_Johnson,19,7,0,1,2
Doug_Baker,24,3,0,1,0
Mike_Schmidt,20,1,0,0,0
Tony_Armas,16,2,0,1,0
